Country,Wave,religion_importance,politics_importance,trust,family_importance,friends_importance,leisure_time_importance,work_importance,children_independence,children_hard_work,children_feeling_of_responsibility,children_imagination,children_tolerance_and_respect,children_determination_and_perseverance,children_religious_faith,children_unselfishness,children_obedience
Argentina,2,2.09638554216867,2.95180722891566,1.76690946930281,1.10179640718563,1.65697091273821,1.89001009081736,1.28413654618474,0.432135728542914,0.530938123752495,0.803393213572854,0.311377245508982,0.776447105788423,0.290419161676647,0.281437125748503,0.0479041916167665,0.320359281437126
Belarus,2,2.82924226254002,2.61648016276704,1.74523570712136,1.27054108216433,1.841046277666,1.90564102564103,1.62701612903226,0.313300492610837,0.8,0.814778325123153,0.070935960591133,0.798029556650246,0.395073891625616,0.0610837438423645,0.268965517241379,0.224630541871921
Brazil,2,1.63048368953881,2.73424190800681,1.93544733861835,1.10567734682406,1.53232152894885,1.60416666666667,1.20650953984287,0.264870931537598,0.512345679012346,0.719977553310887,0.122334455667789,0.656565656565657,0.254769921436588,0.464646464646465,0.287317620650954,0.414141414141414
Chile,2,1.75957018132975,2.91286589516678,1.77297668038409,1.15874079035499,2.37541974479516,2.05337837837838,1.2872411489646,0.305333333333333,0.12,0.883333333333333,0.320666666666667,0.79,0.309333333333333,0.541333333333333,0.0786666666666667,0.522
China,2,3.7239263803681,2.20283975659229,1.39695431472081,1.43129388164493,2.06243705941591,2.49244712990937,1.463,0.84,0.646,0.669,0.267,0.617,0.45,0.012,0.309,0.085
Czech Rep.,2,3.23268398268398,2.77139761646804,1.69772481040087,1.18939393939394,1.92748917748918,1.97510822510823,1.53687635574837,0.199134199134199,0.853896103896104,0.640692640692641,0.066017316017316,0.643939393939394,0.432900432900433,0.0909090909090909,0.42965367965368,0.228354978354978
India,2,1.75991983967936,2.75943204868154,1.64566596194503,1.2497998398719,1.95447219983884,2.39017458384084,1.14931945556445,0.2964,0.6692,0.6008,0.2244,0.5916,0.2756,0.288,0.316,0.5588
Japan,2,3.06365740740741,2.35191256830601,1.58287596048299,1.23547094188377,1.75403225806452,1.95412844036697,1.77685950413223,0.644906033630069,0.305637982195846,0.84272997032641,0.240356083086053,0.595450049455984,0.588526211671612,0.0702274975272008,0.440158259149357,0.100890207715134
Mexico,2,2.01061712010617,2.67294751009421,1.66546242774566,1.16184210526316,2.03571428571429,1.9940119760479,1.35934426229508,0.472893533638145,0.232527759634226,0.766165904637492,0.308948399738733,0.643370346178968,0.370999346832136,0.403004572175049,0.109732201175702,0.450685826257348
Nigeria,2,1.22814070351759,2.73367875647668,1.76791443850267,1.069,1.66633165829146,1.41431451612903,1.06633165829146,0.163836163836164,0.815184815184815,0.35964035964036,0.0629370629370629,0.75024975024975,0.211788211788212,0.738261738261738,0.172827172827173,0.707292707292707
Poland,2,1.61447811447811,2.64187643020595,1.65492957746479,1.11122994652406,1.99352750809061,1.84606986899563,1.33406113537118,NA,NA,NA,NA,NA,NA,NA,NA,NA
Russia,2,2.88446866485014,2.7144385026738,1.62541254125413,1.25273010920437,1.96129707112971,2.0336,1.74670879410216,0.291687914329424,0.925548189699133,0.695053544110148,0.113207547169811,0.701682814890362,0.39673635900051,0.0800611932687404,0.239673635900051,0.258541560428353
Slovakia,2,2.68831168831169,2.85097192224622,1.76989247311828,1.15982721382289,1.96976241900648,2.01293103448276,1.49137931034483,0.221030042918455,0.843347639484979,0.669527896995708,0.0793991416309013,0.626609442060086,0.396995708154506,0.278969957081545,0.276824034334764,0.379828326180258
South Africa,2,1.53975363941769,2.34695451040864,1.70855821125675,1.10821866865006,2.10415886099663,2.03005259203606,1.36479400749064,0.200657894736842,0.266447368421053,0.484649122807018,0.0869883040935673,0.585526315789474,0.319078947368421,0.508406432748538,0.207236842105263,0.385599415204678
South Korea,2,2.32449799196787,2.01532258064516,1.65825874694874,1.08092948717949,1.55116841257051,1.97018533440774,1.359450726979,0.543565147881695,0.642685851318945,0.908073541167066,0.0623501199040767,0.553956834532374,0.310951239008793,0.188649080735412,0.105515587529976,0.180655475619504
Spain,2,2.50602409638554,3.17491525423729,1.68980169971671,1.19973368841545,1.64247669773635,1.76995940460081,1.41846361185984,0.36887417218543,0.510596026490066,0.737086092715232,0.329801324503311,0.703311258278146,0.22317880794702,0.220529801324503,0.125827814569536,0.417880794701987
Switzerland,2,2.39056742815033,2.73226042428676,1.57358053302433,1.16388687454677,1.58496023138106,1.67859751643535,1.5965697240865,0.425,0.375,0.768571428571429,0.302142857142857,0.774285714285714,NA,0.241428571428571,0.391428571428571,0.21
Turkey,2,1.59823182711198,2.99702380952381,1.9001976284585,1.1379980563654,1.53067185978578,2.29615004935834,1.59442060085837,0.192233009708738,0.725242718446602,0.657281553398058,0.233009708737864,0.69126213592233,0.202912621359223,0.441747572815534,0.277669902912621,0.313592233009709
Albania,3,2.26024590163934,3.09876543209877,1.73,1.04426559356137,1.94650205761317,2.57305699481865,1.24570273003033,0.32032032032032,0.566566566566567,0.309309309309309,0.107107107107107,0.810810810810811,0.407407407407407,0.299299299299299,0.117117117117117,0.581581581581582
Argentina,3,2.05981308411215,2.96071094480823,1.82431149097816,1.14272474513438,1.68616527390901,2.02712815715622,1.3401297497683,0.410565338276182,0.553290083410565,0.792400370713624,0.252085264133457,0.731232622798888,0.282669138090825,0.359592215013902,0.163113994439296,0.318813716404078
Armenia,3,2.17978723404255,2.52612704918033,1.7531512605042,1.15755143000502,1.64741336012054,2.08965163934426,1.39669007021063,0.32,0.8355,0.686,0.157,0.4845,0.5725,0.1235,0.306,0.1795
Australia,3,2.48352188883424,2.48966535433071,1.59950617283951,1.12060546875,1.41519607843137,1.6656819300837,1.66337611056269,0.52734375,0.35888671875,0.66552734375,0.26904296875,0.80908203125,0.36083984375,0.2138671875,0.396484375,0.287109375
Azerbaijan,3,1.903242147923,2.74094567404427,1.79472295514512,1.16624811652436,1.73336668334167,1.89156626506024,1.56636271529889,0.596903096903097,0.770729270729271,0.655344655344655,0.138361638361638,0.591408591408591,0.46953046953047,0.185814185814186,0.165834165834166,0.248251748251748
Bangladesh,3,1.19513797634691,2.49832999331997,1.79088471849866,1.06369008535785,2.13034891375905,2.3478835978836,1.17554240631164,0.569836065573771,0.0813114754098361,0.394098360655738,0.141639344262295,0.691803278688525,0.534426229508197,0.777049180327869,0.15672131147541,0.19016393442623
Belarus,3,2.3943661971831,2.71344455348381,1.75925925925926,1.17975903614458,1.87918486171761,1.98265609514371,1.69941060903733,0.297801147227533,0.839866156787763,0.623326959847036,0.0850860420650096,0.596558317399618,0.41395793499044,0.14961759082218,0.174952198852772,0.34942638623327
Bosnian Federation,3,1.92327044025157,2.57828282828283,1.73878627968338,1.03625,1.33291614518148,1.6472819216182,1.24906132665832,0.3525,0.45625,0.61625,0.255,0.625,0.41125,0.25125,0.26125,0.40875
Bulgaria,3,2.6748046875,2.99422521655438,1.71396396396396,1.1296992481203,1.72675521821632,2.232421875,1.64728682170543,0.384328358208955,0.919776119402985,0.636194029850746,0.0746268656716418,0.463619402985075,0.443097014925373,0.161380597014925,0.446828358208955,0.203358208955224
Chile,3,1.86925434116445,3.17177914110429,1.78607983623337,1.11616161616162,2.12828282828283,1.72142857142857,1.4038854805726,0.335,0.166,0.744,0.241,0.616,0.342,0.458,0.257,0.458
China,3,3.29235382308846,2.19687277896233,1.47681660899654,1.2466577540107,1.85248130523453,2.39052848318463,1.42438692098093,0.501333333333333,0.726666666666667,0.344666666666667,0.221333333333333,0.43,0.362666666666667,0.0333333333333333,0.282,0.292666666666667
Colombia,3,1.64379683597003,2.74995810289928,1.89199130580171,1.14475431606906,1.81706303010145,1.7276355171267,1.29252491694352,0.270539419087137,0.179585062240664,0.76896265560166,0.188547717842324,0.683319502074689,0.194783757015517,0.422904564315353,0.37344398340249,0.42655601659751
Croatia,3,2.33755274261603,3.01099830795262,1.74908088235294,1.17252931323283,1.60469011725293,1.928632115548,1.55602358887953,0.635451505016722,0.637123745819398,0.672240802675585,0.167224080267559,0.642976588628763,0.442307692307692,0.191471571906355,0.294314381270903,0.213210702341137
Czech Rep.,3,3.14838129496403,2.99823633156966,1.71480804387569,1.10751748251748,1.72655565293602,2.01843722563652,1.70536499560246,0.224934612031386,0.789014821272886,0.691368788142982,0.050566695727986,0.599825632083697,0.350479511769834,0.0889276373147341,0.32258064516129,0.140366172624237
Dominican Rep.,3,1.67493796526055,2.63613231552163,1.73551637279597,1.14457831325301,1.76,2.03291139240506,1.39,0.400479616306954,0.496402877697842,0.844124700239808,0.124700239808153,0.678657074340528,0.270983213429257,0.592326139088729,0.122302158273381,0.508393285371703
El Salvador,3,1.20032051282051,2.8382229673093,1.85371900826446,1.04156674660272,1.45833333333333,1.5008038585209,1.0696,0.356459330143541,0.383572567783094,0.669059011164274,0.104465709728868,0.587719298245614,0.140350877192982,0.669856459330144,0.278309409888357,0.623604465709729
Estonia,3,2.97389558232932,2.91674925668979,1.78478478478478,1.24334975369458,1.88125613346418,2.0547263681592,1.47860696517413,0.537708129285015,0.870714985308521,0.770812928501469,0.0861900097943193,0.596474045053869,0.489715964740451,0.049951028403526,0.168462291870715,0.270323212536729
Finland,3,2.58937691521961,3.06474820143885,1.51186790505676,1.21618852459016,1.46373850868233,1.7410071942446,1.67801857585139,0.560283687943262,0.146909827760892,0.870314083080041,0.235055724417427,0.824721377912867,0.443768996960486,0.112462006079027,0.182370820668693,0.2806484295846
Georgia,3,1.72690963554668,2.68111609367215,1.81286241433843,1.06779661016949,1.29795714997509,1.86523046092184,1.70457976849522,0.507470119521912,0.818725099601594,0.675796812749004,0.102589641434263,0.541334661354582,0.365537848605578,0.310258964143426,0.197211155378486,0.228585657370518
Germany,3,3.03892215568862,2.47559760956175,1.66717791411043,1.25160652496293,1.63537009438649,1.81066268061784,1.65004985044865,0.514807502467917,0.0992102665350444,0.922507403751234,0.334649555774926,0.883020730503455,0.410167818361303,0.11599210266535,0.054294175715696,0.123395853899309
Great Britain,3,NA,NA,1.70363466915191,NA,NA,NA,NA,0.492223238792315,0.371454711802379,0.667886550777676,NA,0.860933211344922,0.353156450137237,0.168344007319305,NA,0.508691674290942
Hungary,3,2.64714946070878,3.01081916537867,1.77258566978193,1.1386748844376,1.887171561051,1.95223420647149,1.65740740740741,0.441538461538462,0.336923076923077,0.850769230769231,0.127692307692308,0.635384615384615,0.623076923076923,0.175384615384615,0.287692307692308,0.307692307692308
India,3,1.79264047737444,2.86545270612038,1.62125494629734,1.10216110019646,1.87048937221948,2.7435,1.19832264430192,0.374019607843137,0.716176470588235,0.482352941176471,0.107843137254902,0.515686274509804,0.288235294117647,0.360294117647059,0.225490196078431,0.699019607843137
Japan,3,3.04469854469854,2.19009100101112,1.57676767676768,1.10344827586207,1.5595009596929,1.6969111969112,1.56121449559256,0.604364326375712,0.243833017077799,0.875711574952562,0.259013282732448,0.582542694497154,0.614800759013283,0.0578747628083491,0.377609108159393,0.0626185958254269
Latvia,3,2.78135888501742,2.96993127147766,1.75258620689655,1.39882943143813,1.96577629382304,2.19777397260274,1.55369127516779,0.378333333333333,0.864166666666667,0.799166666666667,0.095,0.725,0.475833333333333,0.139166666666667,0.2025,0.194166666666667
Lithuania,3,2.47094801223242,2.90643863179074,1.78083588175331,1.29129129129129,2.02309236947791,2.09494949494949,1.645,0.718533201189296,0.885034687809713,0.737363726461843,0.0713577799801784,0.541129831516353,0.361744301288404,0.224975222993062,0.284440039643211,0.228939544103072
Macedonia,3,2.11844863731656,2.89802289281998,1.91794310722101,1.02222222222222,1.60062565172054,1.6786102062975,1.18743343982961,0.619095477386935,0.241206030150754,0.737688442211055,0.120603015075377,0.705527638190955,0.471356783919598,0.223115577889447,0.605025125628141,0.18391959798995
Mexico,3,1.80145485665383,2.52282515073213,1.68848050201703,1.32400339270568,2.10689948892675,1.99315068493151,1.47363909129876,0.425972927241963,0.362944162436548,0.651438240270728,0.293993231810491,0.570219966159052,0.418781725888325,0.423011844331641,0.364636209813875,0.501269035532995
Moldova,3,2.12295081967213,2.92492179353493,1.77789256198347,1.2441505595117,2.09416581371546,2.1540847983454,1.65696465696466,0.358739837398374,0.872967479674797,0.664634146341463,0.129065040650406,0.634146341463415,0.294715447154472,0.280487804878049,0.0934959349593496,0.394308943089431
New Zealand,3,2.71553994732221,2.6079295154185,1.50946643717728,1.07478991596639,1.4750430292599,1.61304347826087,1.65083553210202,0.537052456286428,0.371357202331391,0.588676103247294,0.278101582014988,0.779350541215654,0.39300582847627,0.15736885928393,0.327227310574521,0.218984179850125
Nigeria,3,1.10502512562814,2.58418891170431,1.82712047541869,1.02657973921765,1.57307885484681,1.67291139240506,1.15392354124748,0.196392785571142,0.829659318637275,0.278056112224449,0.061122244488978,0.637274549098196,0.396793587174349,0.719438877755511,0.144288577154309,0.706913827655311
Norway,3,2.70426287744227,2.59094942324756,1.34704830053667,1.14019520851819,1.44099378881988,1.70807453416149,1.50044365572316,0.885536823425022,0.107364685004437,0.922803904170364,0.366459627329193,0.659272404614019,0.354924578527063,0.117125110913931,0.111801242236025,0.259094942324756
Pakistan,3,1.28103683492497,3.32489451476793,1.81155433287483,1.23255813953488,2.13392857142857,2.71327683615819,1.42054794520548,0.215552523874488,0.536152796725784,0.693042291950887,0.0763983628922237,0.537517053206003,0.311050477489768,0.809004092769441,0.353342428376535,0.330150068212824
Peru,3,1.62883959044369,2.7156605424322,1.94982993197279,1.13576158940397,2.22577927548441,2.06233988044406,1.27334465195246,0.208092485549133,0.626754748142031,0.774566473988439,0.18579686209744,0.630057803468208,0.241948802642444,0.516102394715111,0.15606936416185,0.501238645747316
Philippines,3,1.23789649415693,2.55845248107654,1.94458438287154,1.04416666666667,1.74562135112594,2.3842940685046,1.19699499165275,0.510833333333333,0.578333333333333,0.579166666666667,0.0966666666666667,0.475833333333333,0.285833333333333,0.626666666666667,0.305833333333333,0.4425
Poland,3,1.72743207712533,2.93356953055802,1.82093663911846,1.10374891020052,1.90339425587467,1.98479427549195,1.44006999125109,0.321769297484822,0.159583694709454,0.779705117085863,0.110147441457069,0.815264527320035,NA,NA,0.138768430182134,0.486556808326106
Puerto Rico,3,1.38242894056848,2.76215277777778,1.93973799126638,1.07903780068729,1.96709956709957,1.65,1.30086206896552,0.279209621993127,0.304123711340206,0.837628865979381,0.131443298969072,0.743127147766323,0.219931271477663,0.724226804123711,0.404639175257732,0.524054982817869
Romania,3,1.8976897689769,3.05090311986864,1.81297388374052,1.13673139158576,2.14436334144363,2.04337152209493,1.48097165991903,0.507667473769169,0.635996771589992,0.8272800645682,0.394673123486683,0.720742534301856,0.62953995157385,0.579499596448749,0.230024213075061,0.137207425343019
Russia,3,2.67759838546922,2.93079584775086,1.76060606060606,1.19931102362205,1.93008370260955,2.06228201295466,1.73247140726007,0.277941176470588,0.906862745098039,0.704411764705882,0.0593137254901961,0.694607843137255,0.413725490196078,0.0941176470588235,0.213235294117647,0.340196078431373
Slovakia,3,2.40037418147802,2.93314763231198,1.72962607861937,1.09963436928702,1.76958525345622,1.94459833795014,1.65402405180389,0.223744292237443,0.703196347031963,0.688584474885845,0.045662100456621,0.570776255707763,0.305022831050228,0.282191780821918,0.189041095890411,0.268493150684932
Slovenia,3,2.62186559679037,3.19960079840319,1.84460141271443,1.21478521478521,1.72011952191235,1.91108891108891,1.52135054617676,0.713008937437934,0.329692154915591,0.703078450844091,0.0814299900695134,0.719960278053625,0.484607745779543,0.191658391261172,0.291956305858987,0.282025819265144
South Africa,3,1.40582191780822,2.63811863811864,1.8414762741652,1.07805044308112,2.09797875984926,1.95279117849759,1.30891499654457,0.319931856899489,0.561158432708688,0.506984667802385,0.100511073253833,0.6793867120954,0.298126064735945,0.635434412265758,0.231345826235094,0.499148211243612
South Korea,3,2.44696356275304,2.20745542949757,1.69687249398557,1.09967845659164,1.58111380145278,1.92171105730428,1.5129659643436,0.597277822257806,0.622097678142514,0.880704563650921,0.0784627702161729,0.468374699759808,0.356285028022418,0.165732586068855,0.10648518815052,0.144115292233787
Spain,3,2.30590191188695,3.11973018549747,1.70265638389032,1.19338842975207,1.70149253731343,1.8790658882402,1.53935376967688,0.247729149463254,0.644095788604459,0.698596201486375,0.217175887696119,0.755573905862923,0.212221304706854,0.217175887696119,0.142857142857143,0.437654830718415
Sweden,3,2.88288288288288,2.53326713008937,1.40334378265413,1.11595639246779,1.32309217046581,1.54083665338645,1.4172517552658,0.606541129831516,0.066402378592666,0.88404360753221,0.391476709613479,0.90386521308226,0.31615460852329,0.0475718533201189,0.236868186323092,0.158572844400396
Switzerland,3,2.62774957698816,2.79396984924623,1.63041556145004,1.20843672456576,1.49211618257261,1.74040066777963,1.63140218303946,0.427392739273927,0.430693069306931,0.79950495049505,0.216996699669967,0.786303630363036,0.445544554455446,0.213696369636964,0.325907590759076,0.261551155115512
Taiwan,3,2.44921875,2.55600539811066,1.61803713527851,1.23680823680824,1.82945736434109,1.97032258064516,1.65806451612903,0.661538461538462,0.416666666666667,0.81025641025641,0.151282051282051,0.592307692307692,0.343589743589744,0.0858974358974359,0.214102564102564,0.332051282051282
Turkey,3,1.36096537250787,2.46645536185948,1.94503171247357,1.03043022035677,1.3172268907563,1.84190981432361,1.28125,0.2139486103828,0.615626638699528,0.665443104352386,0.260618772941793,0.613004719454641,0.21185107498689,0.421080230728894,0.226533822758259,0.318300996329313
Ukraine,3,2.45362431800468,2.91707500942329,1.69027565084227,1.15929521754764,1.77720964207451,2.06957502820609,1.69305091044221,0.336535040910708,0.832799715403771,0.657773034507293,0.111704019921736,0.611881892564924,0.421202419067947,0.204197794379224,0.187833511205977,0.382426182853077
United States,3,1.63168187744459,2.3145108338805,1.64063534083388,1.05710577547047,1.34873129472999,1.70588235294118,1.69724770642202,0.440337224383917,0.533722438391699,0.699092088197147,0.244487678339818,0.749027237354086,0.411154345006485,0.550583657587549,0.348249027237354,0.368352788586252
Uruguay,3,2.46146044624746,2.79489795918367,1.78358974358974,1.10220440881764,1.56596173212487,1.65752032520325,1.34879032258065,0.523,0.274,0.828,0.311,0.711,0.44,0.178,0.545,0.283
Venezuela,3,1.59147869674185,3.11710193765796,1.86254295532646,1.02835696413678,1.81203007518797,1.54690117252931,1.07679465776294,0.231666666666667,0.546666666666667,0.74,0.129166666666667,0.573333333333333,0.185833333333333,0.43,0.381666666666667,0.5
Albania,4,2.26605504587156,2.95607763023493,1.7563025210084,1.04709418837675,1.85599194360524,2.4553752535497,1.24064711830131,0.572,0.636,0.682,0.289,0.8,0.529,0.363,0.118,0.539
Algeria,4,1.09448818897638,2.52666119770304,1.88780487804878,1.05873140172279,1.79071597167585,2.04660347551343,1.08934169278997,0.256630265210608,0.669266770670827,0.580343213728549,0.121684867394696,0.539781591263651,0.174726989079563,0.768330733229329,0.165366614664587,0.561622464898596
Argentina,4,1.90330188679245,3.13432835820896,1.84134615384615,1.11806098514464,1.71518987341772,1.90119521912351,1.31628638867034,0.3703125,0.56875,0.76484375,0.2375,0.7015625,0.22734375,0.4265625,0.1265625,0.36953125
Bangladesh,4,1.13855421686747,2.41476880607315,1.76466621712744,1.03333333333333,1.88464118041583,2.09485094850949,1.08914209115281,0.778,0.589333333333333,0.532666666666667,0.356,0.709333333333333,0.358666666666667,0.701333333333333,0.158,0.192
Bosnia,4,2.05391743892165,2.82077051926298,1.842194092827,1.01251042535446,1.31693077564637,1.70066889632107,1.43096234309623,0.563333333333333,0.5375,0.7375,0.268333333333333,0.716666666666667,0.460833333333333,0.245,0.375833333333333,0.435
Canada,4,2.12422037422037,2.68590743629745,1.6303664921466,1.07209543568465,1.41856846473029,1.75168831168831,1.6314419573139,0.619886069394096,0.505955463490419,0.771620921802175,0.296737441740031,0.815639564992232,0.474883480062144,0.331952356292077,0.456240290005179,0.311237700673226
Chile,4,1.78001679261125,3.03842869342442,1.76988879384089,1.04583333333333,2.07556675062972,1.6070826306914,1.29983108108108,0.523333333333333,0.255833333333333,0.845,0.354166666666667,0.76,0.434166666666667,0.405833333333333,0.346666666666667,0.550833333333333
China,4,3.51702127659574,2.19913885898816,1.45482866043614,1.42237903225806,1.97750511247444,2.46487603305785,1.58620689655172,0.741,0.858,0.636,0.353,0.726,0.16,NA,0.37,0.148
Egypt,4,1.028,2.6394115634622,1.62091062394604,1.039,1.82188125416945,2.45323499832383,1.38678295873868,0.726,0.384333333333333,0.507666666666667,0.154333333333333,0.646333333333333,0.091,0.873333333333333,0.216333333333333,0.532333333333333
India,4,1.69454360020398,2.71627408993576,1.59009483667018,1.08903420523139,1.87258883248731,2.18956611570248,1.28411973617453,0.561938061938062,0.848651348651349,0.676323676323676,0.280719280719281,0.631868131868132,0.463536463536464,0.466033966033966,0.365634365634366,0.556943056943057
Indonesia,4,1.02,2.60239651416122,1.48361581920904,1.01,1.475,2.21163490471414,1.11646586345382,0.766,0.667,0.821,0.289,0.629,0.437,0.931,0.473,0.533
Iran,4,1.25431900361591,2.59863364645602,1.34651404786681,1.06624355414518,1.91818550020251,2.04590570719603,1.27945315641335,0.531595576619273,0.621248025276461,0.719589257503949,0.109794628751975,0.589652448657188,0.283965244865719,0.708530805687204,0.289099526066351,0.414296998420221
Iraq,4,1.0696065715521,2.38575268817204,1.524,1.02630444156964,1.48631029986962,2.11927013796173,1.18225315354502,0.288172043010753,NA,0.75741935483871,NA,0.778064516129032,NA,0.919569892473118,NA,0.738064516129032
Israel,4,NA,NA,1.76541095890411,NA,NA,NA,NA,0.686405337781485,0.2418682235196,0.654712260216847,0.227689741451209,0.819015846538782,0.306922435362802,0.291075896580484,0.489574645537948,0.162635529608007
Japan,4,3.11986588432523,2.13931144915933,1.56937799043062,1.08202833706189,1.57607872823618,1.64840182648402,1.64324324324324,0.81791483113069,0.270925110132159,0.907488986784141,0.345080763582966,0.712187958883994,0.690161527165932,0.065345080763583,0.53230543318649,0.0433186490455213
Jordan,4,1.04500818330606,2.69154228855721,1.7234753550543,1.04255319148936,1.62305805396566,2.38461538461538,1.58634868421053,0.211774325429272,0.454619787408013,0.653311529026983,0.062142273098937,0.668029435813573,0.163532297628782,0.847914963205233,0.311529026982829,0.470973017170891
Kyrgyzstan,4,2.04633204633205,2.52504816955684,1.83333333333333,1.13435700575816,1.62884615384615,2.07899807321773,1.57266602502406,0.548418024928092,0.873441994247363,0.782358581016299,0.37679769894535,0.654841802492809,0.511025886864813,0.226270373921381,0.236816874400767,0.37392138063279
Macedonia,4,1.80518234165067,2.76679462571977,1.86287952987267,1.02469135802469,1.57129186602871,1.79904306220096,1.29445506692161,0.587677725118483,0.370616113744076,0.74218009478673,0.130805687203791,0.751658767772512,0.427488151658768,0.26824644549763,0.470142180094787,0.112796208530806
Mexico,4,1.48984937786509,2.5891677675033,1.7815631262525,1.04240052185258,1.86907894736842,1.66910299003322,1.16557161629435,0.444299674267101,0.287296416938111,0.780456026058632,0.254071661237785,0.717915309446254,0.353094462540717,0.519869706840391,0.487296416938111,0.585667752442997
Moldova,4,1.9360824742268,2.73673469387755,1.85360824742268,1.16016016016016,1.83585095669688,2.0921187308086,1.80977683315622,0.55952380952381,0.874007936507937,0.826388888888889,0.266865079365079,0.776785714285714,0.337301587301587,0.418650793650794,0.110119047619048,0.410714285714286
Morocco,4,1.0608,3.06172839506173,1.77446102819237,1.07772435897436,1.9752,1.90617481956696,1.1107544141252,0.379696243005596,0.721023181454836,0.665067945643485,0.0839328537170264,0.739408473221423,0.167066346922462,0.871302957633893,0.103117505995204,0.541966426858513
Nigeria,4,1.0827142149579,2.40688966550175,1.74412793603198,1.013353115727,1.47154873824839,1.66947472745292,1.15846994535519,0.259643916913947,0.80217606330366,0.33135509396637,0.108803165182987,0.590999010880316,0.228981206726014,0.677052423343225,0.232937685459941,0.725024727992087
Pakistan,4,1.23811905952976,3.25323666494045,1.69167579408543,1.087,2.19209604802401,2.77829942618675,1.47357825868143,0.1265,0.5625,0.5025,0.0735,0.53,0.294,0.8625,0.3825,0.444
Peru,4,1.65443629086057,2.54362416107383,1.89328859060403,1.18345563709139,2.20908483633935,2.38322147651007,1.33154362416107,0.385742838107928,0.592938041305796,0.788807461692205,0.229180546302465,0.72618254497002,0.335109926715523,0.555629580279813,0.502998001332445,0.610259826782145
Philippines,4,1.17,2.37009189640769,1.91392405063291,1.01583333333333,1.75876460767947,2.34028356964137,1.08590492076731,0.681666666666667,0.728333333333333,0.665,0.131666666666667,0.601666666666667,0.371666666666667,0.595833333333333,0.3825,0.44
Puerto Rico,4,1.31894150417827,2.67040673211781,1.77387640449438,1.04589707927677,1.85674157303371,1.62674094707521,1.32212885154062,0.513888888888889,0.518055555555556,0.743055555555556,0.186111111111111,0.606944444444444,0.2375,0.686111111111111,0.283333333333333,0.559722222222222
Saudi Arabia,4,1.13627254509018,2.34885337039611,1.46960167714885,1.05466666666667,1.56370913942628,2.13207547169811,1.52345343303875,0.699733688415446,0.418774966711052,0.568575233022636,0.310918774966711,0.563914780292943,0.402130492676431,0.705725699067909,0.523968042609854,0.666444740346205
Singapore,4,1.63485752153744,2.59946773120426,1.85294117647059,1.06150793650794,1.71164021164021,1.88211920529801,1.49202127659574,0.722883597883598,0.636904761904762,0.807539682539683,0.132275132275132,0.689814814814815,0.374338624338624,0.472883597883598,0.267195767195767,0.470238095238095
South Africa,4,1.38209752839011,2.80054274084125,1.8690798376184,1.06437625083389,1.91088117489987,1.86666666666667,1.34868863483524,0.583666666666667,0.695333333333333,0.648666666666667,0.194333333333333,0.735666666666667,0.387,0.654666666666667,0.321666666666667,0.554
South Korea,4,2.40950792326939,2.43452877397832,1.72666666666667,1.10833333333333,1.59933222036728,1.93166666666667,1.46955796497081,0.773333333333333,0.715833333333333,0.923333333333333,0.334166666666667,0.646666666666667,0.424166666666667,0.211666666666667,0.146666666666667,0.131666666666667
Spain,4,2.46134663341646,3.04180602006689,1.65979381443299,1.15161557580779,1.61781848459617,1.75979983319433,1.58867610324729,0.440860215053763,0.688999172870141,0.799834574028122,0.248138957816377,0.768403639371381,0.307692307692308,0.205128205128205,0.201819685690653,0.490488006617039
Tanzania,4,1.20373831775701,2.01190476190476,1.91906474820144,1.09010600706714,1.84710351377018,2.50287907869482,1.06018518518519,0.41929974380871,0.830059777967549,0.414175918018787,0.609735269000854,0.836037574722459,0.567036720751494,0.751494449188728,0.458582408198121,0.760888129803587
Turkey,4,1.35228276877761,2.7807486631016,1.80704898446834,1.0364920541495,1.31266686443192,1.88739946380697,1.50251851851852,0.172596295207292,0.720964422228756,0.650985004410467,0.246986180535137,0.639811820052926,0.22522787415466,0.412525727727139,0.224639811820053,0.376065862981476
Uganda,4,1.35164835164835,2.34879032258065,1.92184368737475,1.12175648702595,1.32335329341317,1.78521478521479,1.23647294589178,0.31936127744511,0.835329341317365,0.546906187624751,0.11377245508982,0.565868263473054,0.364271457085828,0.667664670658683,0.301397205588822,0.694610778443114
United States,4,1.62792642140468,2.35087719298246,1.63720538720539,1.05504587155963,1.39866555462886,1.669449081803,1.5994983277592,0.62,0.595833333333333,0.72,0.295833333333333,0.7975,0.445833333333333,0.534166666666667,0.390833333333333,0.3225
Venezuela,4,1.53968253968254,2.89715719063545,1.84073763621123,1.02416666666667,1.59083333333333,1.46583333333333,1.10434056761269,0.445833333333333,0.265833333333333,0.875833333333333,0.2375,0.795833333333333,0.449166666666667,0.446666666666667,0.530833333333333,0.514166666666667
Viet Nam,4,2.74173553719008,1.84845360824742,1.58873538788523,1.18336673346693,1.97280966767372,2.35005117707267,1.49597585513078,0.564,0.755,0.703,0.202,0.679,0.495,0.082,0.393,0.563
Zimbabwe,4,1.31968031968032,2.72066458982347,1.88821138211382,1.03193612774451,1.926,2.15384615384615,1.111,0.272455089820359,0.839321357285429,0.483033932135729,0.1187624750499,0.767465069860279,0.327345309381238,0.736526946107784,0.32435129740519,0.669660678642715
Andorra,5,3.034,2.86472945891784,1.79275653923541,1.13958125623131,1.59240759240759,1.54735792622134,1.60685483870968,0.482552342971087,0.590229312063809,0.903290129611167,0.411764705882353,0.88135593220339,0.370887337986042,0.0677966101694915,0.192422731804586,0.39481555333998
Argentina,5,2.16096579476861,2.93454179254783,1.83112919633774,1.11111111111111,1.56927710843373,1.78002018163471,1.35270541082164,0.444111776447106,0.553892215568862,0.713572854291417,0.259481037924152,0.704590818363273,0.251497005988024,0.244510978043912,0.092814371257485,0.422155688622754
Australia,5,2.70714285714286,2.48922413793103,1.51817533856023,1.07355021216407,1.46186742694227,1.61466570812365,1.8685376661743,0.634764250527797,0.479239971850809,0.719915552427868,0.442646023926812,0.91484869809993,0.508092892329346,0.208304011259676,0.536242083040113,0.366643209007741
Brazil,5,1.5954606141522,2.48352387357095,1.90798376184032,1.14266666666667,1.76588628762542,1.90154052243804,1.35938543754175,0.287333333333333,0.606666666666667,0.779333333333333,0.264666666666667,0.647333333333333,0.314,0.562,0.403333333333333,0.563333333333333
Bulgaria,5,2.47682801235839,3.06625891946993,1.78029445073613,1.12124248496994,1.72239108409321,2.08069458631256,1.75544041450777,0.458541458541459,0.869130869130869,0.731268731268731,0.16983016983017,0.529470529470529,0.56043956043956,0.176823176823177,0.494505494505495,0.242757242757243
Burkina Faso,5,1.19853917662683,2.53942777390091,1.85308385308385,1.05813193990856,1.54587155963303,2.35430916552668,1.11184645929848,0.311603650586701,0.803780964797914,0.38722294654498,0.191655801825293,0.69361147327249,0.271186440677966,0.680573663624511,0.39374185136897,0.704693611473272
Canada,5,2.17961842717543,2.56328233657858,1.57854769814903,1.06589327146172,1.38333333333333,1.69095127610209,1.71821145784816,0.577634011090573,0.524953789279113,0.729205175600739,0.314695009242144,0.835951940850277,0.481053604436229,0.305914972273567,0.463493530499076,0.313770794824399
Chile,5,2.0110775427996,3.17342799188641,1.8760162601626,1.10910910910911,2.21931589537223,1.66498993963783,1.47219413549039,0.411,0.258,0.846,0.267,0.791,0.461,0.376,0.326,0.518
China,5,3.18281036834925,2.37228607918263,1.47593293672255,1.2326883910387,1.88111520252499,2.40993449781659,1.67613941018767,0.686589653440482,0.816675037669513,0.642390758412858,0.209442491210447,0.613259668508287,0.249623304871924,0.0205926670015068,0.318432948267202,0.147162230035158
Colombia,5,NA,NA,1.85532910123622,NA,NA,NA,NA,0.334876033057851,0.189752066115702,0.829090909090909,0.177851239669421,0.841322314049587,0.201322314049587,0.47702479338843,0.533884297520661,0.592396694214876
Cyprus (G),5,1.79270633397313,2.78805394990366,1.87174541947927,1.06387035271687,1.41091954022989,1.63697318007663,1.59808612440191,0.44,0.533333333333333,0.783809523809524,0.243809523809524,0.706666666666667,0.405714285714286,0.338095238095238,0.432380952380952,0.466666666666667
Egypt,5,1.04819672131148,2.92709359605911,1.81576354679803,1.02392658144871,1.71573770491803,2.45454545454545,1.62545096753034,0.261553588987217,0.553588987217306,0.773189118321862,0.104883644706654,0.711897738446411,0.215339233038348,0.904621435594887,0.521468371025893,0.683710258931498
Ethiopia,5,1.26876675603217,1.96378269617706,1.75570776255708,1.09733333333333,1.24616410940627,1.72489959839357,1.13119143239625,0.792,0.544666666666667,0.472,0.391333333333333,0.361333333333333,0.304666666666667,0.413333333333333,0.362,0.389333333333333
Finland,5,2.52277227722772,2.91707798617966,1.412,1.14825870646766,1.39881539980257,1.64115308151093,1.73408624229979,0.692307692307692,0.152859960552268,0.90138067061144,0.377712031558185,0.859960552268245,0.645956607495069,0.122287968441815,0.30276134122288,0.330374753451677
France,5,2.74096385542169,2.63636363636364,1.81325301204819,1.16416416416416,1.504,1.77177177177177,1.40809968847352,0.375624375624376,0.623376623376623,0.784215784215784,0.24975024975025,0.869130869130869,0.543456543456543,0.0909090909090909,0.556443556443556,0.414585414585415
Georgia,5,1.23402824478816,2.29490616621984,1.81855670103093,1.0126920507682,1.23596256684492,1.79219905850706,1.33221701272605,0.537333333333333,0.894666666666667,0.810666666666667,0.0973333333333333,0.720666666666667,0.264666666666667,0.672666666666667,0.169333333333333,0.218666666666667
Germany,5,2.92552135054618,2.68682926829268,1.65911485774499,1.2390243902439,1.54673807205453,1.92239685658153,1.75556706369757,0.755813953488372,0.275193798449612,0.843992248062015,0.385174418604651,0.731589147286822,0.625,0.0939922480620155,0.0692829457364341,0.164728682170543
Ghana,5,1.12065573770492,2.44838921761999,1.91486574983628,1.07632093933464,1.85845951283739,1.66336633663366,1.0764163372859,0.372229465449804,0.791395045632334,0.443285528031291,0.171447196870926,0.706649282920469,0.432855280312907,0.726205997392438,0.330508474576271,0.816818774445893
Great Britain,5,2.65497076023392,2.70877531340405,1.69569471624266,1.07032755298651,1.34966378482229,1.66893865628043,1.98191489361702,0.584053794428434,0.442843419788665,0.601344860710855,0.380403458213256,0.853986551392891,0.384245917387128,0.176753121998079,0.546589817483189,0.461095100864553
Guatemala,5,1.22522522522523,2.70445344129555,1.84321608040201,1.019,1.752,1.53853853853854,1.05805805805806,0.279,0.288,0.642,0.116,0.59,0.23,0.587,0.417,0.465
Hong Kong,5,2.77011494252874,2.76585365853659,1.58943089430894,1.46902654867257,1.70856685348279,1.89613526570048,1.91558441558442,0.238817891373802,0.186102236421725,0.264376996805112,0.023961661341853,0.142172523961661,0.0591054313099042,0.0119808306709265,0.0175718849840256,0.0223642172523962
Hungary,5,2.80458624127617,3.05168986083499,1.71558704453441,1.18669314796425,1.81194029850746,1.84378109452736,1.59720837487537,0.821251241310824,0.416087388282026,0.828202581926514,0.177755710029791,0.753723932472691,0.517378351539225,0.152929493545184,0.322740814299901,0.313803376365442
India,5,1.73422957600827,2.71771611526147,1.76715410573678,1.10301507537688,1.74335378323108,2.26811594202899,1.38027452974072,0.668665667166417,0.812593703148426,0.68015992003998,0.254372813593203,0.557721139430285,0.407296351824088,0.412793603198401,0.341829085457271,0.55872063968016
Indonesia,5,1.06753376688344,2.65953109072375,1.57464788732394,1.02097902097902,1.4856855851331,2.16885743174924,1.16683417085427,0.81985111662531,0.594044665012407,0.839205955334988,0.182133995037221,0.590570719602978,0.415384615384615,0.906203473945409,0.325558312655087,0.533002481389578
Iran,5,1.28394133132757,2.50736126840317,1.89384208537968,1.0746996996997,1.92510350018818,1.88566037735849,1.31035781544256,0.631046119235096,0.688413948256468,0.811398575178103,0.175853018372703,0.644544431946007,0.302587176602925,0.714285714285714,0.325084364454443,0.323959505061867
Iraq,5,1.04652028284332,2.12514484356895,1.59178082191781,1.04341372912801,1.48942598187311,2.02245451025939,1.22975517890772,0.288781932617549,0.634209552017771,0.828582006664198,0.0914476119955572,0.851536467974824,0.208071084783414,0.899296556830803,0.0940392447241762,0.733432062199185
Italy,5,1.96196196196196,2.78391959798995,1.70828961175236,1.07333994053518,1.59880834160874,1.82634730538922,1.42613065326633,0.58498023715415,0.393280632411067,0.870553359683794,0.146245059288538,0.739130434782609,0.441699604743083,0.343873517786561,0.438735177865613,0.260869565217391
Japan,5,3.18724279835391,2.16256157635468,1.60916179337232,1.08425925925926,1.60074280408542,1.66416510318949,1.64170616113744,0.800182481751825,0.323905109489051,0.906021897810219,0.308394160583942,0.74543795620438,0.672445255474453,0.0556569343065693,0.502737226277372,0.0510948905109489
Jordan,5,1.05254378648874,2.50544844928751,1.68681780016793,1.03833333333333,1.45697577276525,1.91966527196653,1.48451882845188,0.425833333333333,0.416666666666667,0.623333333333333,0.169166666666667,0.748333333333333,0.321666666666667,0.845,0.555833333333333,0.636666666666667
Malaysia,5,1.24166666666667,2.57583333333333,1.91174021648626,1.03830141548709,1.62740183792815,1.74895746455379,1.36811352253756,0.78684429641965,0.491257285595337,0.78601165695254,0.215653621981682,0.736885928393006,0.333055786844296,0.596169858451291,0.301415487094088,0.25895087427144
Mali,5,1.11155644622578,2.44665718349929,1.82501918649271,1.08531746031746,1.49666666666667,2.03507565337001,1.14391891891892,0.423728813559322,0.726205997392438,0.44980443285528,0.235984354628422,0.599087353324641,0.244458930899609,0.595827900912647,0.338983050847458,0.522816166883963
Mexico,5,1.59316569954868,2.56937172774869,1.84431524547804,1.0597302504817,1.88795878943979,1.6168284789644,1.17150225660864,0.408333333333333,0.242948717948718,0.777564102564103,0.246153846153846,0.780769230769231,0.363461538461538,0.388461538461538,0.475641025641026,0.582692307692308
Moldova,5,2.01819923371648,2.97507190795781,1.82135922330097,1.18373205741627,2.03544061302682,2.16088631984586,1.6772030651341,0.449330783938815,0.794455066921606,0.695984703632887,0.208413001912046,0.665391969407266,0.252390057361377,0.415869980879541,0.323135755258126,0.168260038240918
Morocco,5,1.11175979983319,2.86910062333037,1.87000849617672,1.04583333333333,1.65888240200167,2.37596566523605,1.18045112781955,0.548333333333333,0.51,0.69,0.261666666666667,0.585833333333333,0.2725,0.681666666666667,0.365833333333333,0.509166666666667
Netherlands,5,2.92353525322741,2.66473429951691,1.55522088353414,1.22297297297297,1.46095238095238,1.50429799426934,1.97854954034729,0.644761904761905,0.294285714285714,0.898095238095238,0.264761904761905,0.859047619047619,0.372380952380952,0.100952380952381,0.235238095238095,0.413333333333333
New Zealand,5,2.80546448087432,2.64544456641054,1.48839779005525,1.07563025210084,1.48654467168999,1.59847660500544,1.8,0.532494758909853,0.410901467505241,0.629979035639413,0.351153039832285,0.824947589098532,0.487421383647799,0.145702306079665,0.384696016771488,0.244234800838574
Norway,5,2.82634146341463,2.38146341463415,1.25834970530452,1.1064453125,1.3671875,1.564453125,1.57282502443793,0.899512195121951,0.126829268292683,0.890731707317073,0.546341463414634,0.914146341463415,0.422439024390244,0.0858536585365854,0.198048780487805,0.286829268292683
Peru,5,1.78345662407532,2.91032608695652,1.93581081081081,1.20613742494997,2.28053691275168,2.02993197278912,1.34383378016086,0.272666666666667,0.542,0.730666666666667,0.127333333333333,0.662,0.174,0.452666666666667,0.600666666666667,0.541333333333333
Poland,5,1.69028340080972,2.91666666666667,1.80523560209424,1.07329317269076,1.71787148594378,1.87436159346272,1.55351681957187,0.415,0.211,0.815,0.205,0.843,0.257,0.461,0.184,0.486
Romania,5,1.54004576659039,3.11117544875507,1.79703264094955,1.14785100286533,2.06705202312139,2.0642523364486,1.5728323699422,0.291103603603604,0.833333333333333,0.6875,0.181306306306306,0.586148648648649,0.303490990990991,0.627815315315315,0.231981981981982,0.17454954954955
Russia,5,2.58109504132231,2.80911392405063,1.73266806722689,1.12003968253968,1.71848530144494,1.93286573146293,1.71227364185111,0.426463354648303,0.88047220855878,0.809640924741761,0.145597638957206,0.675848499754058,0.530742744712248,0.104771273979341,0.198229217904575,0.365961633054599
Rwanda,5,1.65359042553191,2.23875968992248,1.95130086724483,1.38107928047968,1.51167444963309,1.60333333333333,1.36933333333333,0.25613802256138,0.830789648307896,0.542136695421367,0.18049104180491,0.637690776376908,0.585932315859323,0.376244193762442,0.500995355009954,0.788321167883212
Serbia and Montenegro,5,2.14238134887594,3.06312292358804,1.84714548802947,1.06924979389942,1.49545829892651,1.77171215880893,1.50291423813489,0.639344262295082,0.675409836065574,0.667213114754098,0.216393442622951,0.638524590163934,0.49344262295082,0.250819672131148,0.327049180327869,0.440983606557377
Slovenia,5,2.67839687194526,3.18834951456311,1.81881881881882,1.13746369796709,1.59187620889749,1.71608527131783,1.62693798449612,0.832208293153327,0.337512054001929,0.738669238187078,0.162970106075217,0.750241080038573,0.631629701060752,0.162970106075217,0.379942140790743,0.313404050144648
South Africa,5,1.40745717164931,2.55220338983051,NA,1.05020080321285,1.96816353887399,1.88500336247478,1.31562819203269,0.595716198125837,0.713186077643909,0.568273092369478,0.153279785809906,0.773427041499331,0.334672021419009,0.551539491298527,0.299866131191432,0.462516733601071
South Korea,5,2.47623019182652,2.42368640533778,1.69847972972973,1.08,1.58166666666667,1.8790658882402,1.46833333333333,0.6725,0.726666666666667,0.898333333333333,0.431666666666667,0.56,0.45,0.211666666666667,0.12,0.105
Spain,5,2.75899581589958,2.9071129707113,1.80067567567568,1.1203007518797,1.57011686143573,1.67307692307692,1.6493288590604,0.3125,0.625833333333333,0.695833333333333,0.2025,0.715833333333333,0.295,0.1125,0.334166666666667,0.369166666666667
Sweden,5,2.91282565130261,2.29411764705882,1.31983385254413,1.0938123752495,1.31306081754736,1.51246261216351,1.578,0.782652043868395,0.101694915254237,0.916251246261216,0.570289132602193,0.936191425722832,0.490528414755733,0.0578265204386839,0.346959122632104,0.161515453639083
Switzerland,5,2.59466019417476,2.4176804541768,1.48946925021062,1.15967741935484,1.48025785656728,1.73241713823767,1.54204081632653,0.741337630942788,0.265914585012087,0.887187751813054,0.440773569701853,0.907332796132151,0.676067687348912,0.128928283642224,0.220789685737309,0.206285253827558
Taiwan,5,2.49307253463733,2.89405052974735,1.75755102040816,1.08883455582722,1.67644661776691,1.8280358598207,1.51344743276284,0.795436022819886,0.548492257538712,0.919315403422983,0.169519152404238,0.800325998370008,0.3480032599837,0.0880195599022005,0.295843520782396,0.156479217603912
Thailand,5,1.49868938401048,1.99540983606557,1.58491803278689,1.14640522875817,1.82844096542727,2.03540983606557,1.51411687458963,0.481747066492829,0.228813559322034,0.605606258148631,0.284876140808344,0.579530638852673,0.461538461538462,0.294654498044329,0.310299869621904,0.53780964797914
Trinidad and Tobago,5,1.33433433433433,2.88799192734611,1.962,1.059,1.87975951903808,1.70159680638723,1.279,0.55189620758483,0.648702594810379,0.575848303393214,0.0648702594810379,0.820359281437126,0.261477045908184,0.672654690618762,0.234530938123753,0.720558882235529
Turkey,5,1.36309523809524,2.8076062639821,1.95220313666916,1.02379182156134,1.42081784386617,1.6733630952381,1.61950856291884,0.399702823179792,0.786775631500743,0.7481426448737,0.225111441307578,0.692421991084695,0.36998514115899,0.417533432392273,0.320208023774146,0.452451708766716
Ukraine,5,2.43094496365524,2.81466395112016,1.71717171717172,1.1372351160444,1.78441295546559,1.95238095238095,1.8678102926337,0.295,0.757,0.664,0.282,0.567,0.486,0.151,0.13,0.49
United States,5,1.88700564971751,2.42845594179466,1.60435132957293,1.0569823434992,1.44453376205788,1.75,1.96768982229402,0.530824659727782,0.616493194555645,0.719775820656525,0.309847878302642,0.790232185748599,0.389911929543635,0.506004803843074,0.399519615692554,0.287429943955164
Uruguay,5,2.57272727272727,2.90707070707071,1.71560693641619,1.11511511511512,1.67069486404834,1.71385237613751,1.37078651685393,0.492,0.223,0.795,0.322,0.817,0.39,0.182,0.612,0.385
Viet Nam,5,2.79702300405954,2.09527073337903,1.47876712328767,1.19076305220884,1.93436034829203,2.47811447811448,1.705525606469,0.593311036789298,0.888963210702341,0.753177257525084,0.163879598662207,0.503678929765886,0.625418060200669,0.0608695652173913,0.333779264214047,0.319732441471572
Zambia,5,1.29528366370472,2.42254495159059,1.88453314326443,1.10141034251175,1.64363143631436,2.16299862448418,1.29001367989056,0.547333333333333,0.811333333333333,0.524666666666667,0.203333333333333,0.578666666666667,0.384,0.609333333333333,0.377333333333333,0.678
Algeria,6,1.11818943839061,2.71943711521548,1.8207136640557,1.10041841004184,1.76282590412111,2.05245346869712,1.3857998289136,0.3125,0.595,0.563333333333333,0.234166666666667,0.614166666666667,0.351666666666667,0.646666666666667,0.343333333333333,0.479166666666667
Argentina,6,2.45158102766798,2.88090551181102,1.76807228915663,1.12354085603113,1.57003891050584,1.8701171875,1.58045409674235,0.450485436893204,0.566990291262136,0.406796116504854,0.672815533980582,0.40873786407767,0.718446601941748,0.795145631067961,0.574757281553398,0.688349514563107
Armenia,6,1.53139217470428,2.91216834400732,1.89861751152074,1.032021957914,1.76438356164384,1.95903165735568,1.37338262476895,0.264545454545455,0.821818181818182,0.807272727272727,0.0609090909090909,0.573636363636364,0.329090909090909,0.400909090909091,0.24,0.252727272727273
Australia,6,2.82464788732394,2.48256227758007,1.45566166439291,1.07692307692308,1.47545582047686,1.67065446868403,1.96590909090909,0.643872714962762,0.544346648612052,0.703452945159106,0.368991198375085,0.882193635748138,0.490859851049425,0.175355450236967,0.494245091401489,0.28436018957346
Azerbaijan,6,2.03992015968064,2.92614770459082,1.83350462487153,1.0748502994012,1.79141716566866,2.124750499002,1.49600798403194,0.591816367265469,0.754491017964072,0.816367265469062,0.146706586826347,0.711576846307385,0.373253493013972,0.189620758483034,0.215568862275449,0.0658682634730539
Bahrain,6,1.75375626043406,2.17435037720034,1.65816326530612,1.67445742904841,1.89416666666667,2.33333333333333,2.16932103939648,0.3975,0.318333333333333,0.368333333333333,0.199166666666667,0.368333333333333,0.2675,0.353333333333333,0.225,0.186666666666667
Belarus,6,2.53100263852243,2.81782178217822,1.64834390415786,1.13015042511445,1.72536136662286,1.88822751322751,1.83563445101907,0.387622149837134,0.876872964169381,0.807817589576547,0.125081433224756,0.607817589576547,0.356351791530945,0.142019543973941,0.138110749185668,0.342019543973941
Brazil,6,1.59568733153639,2.75186440677966,1.93423728813559,1.13400673400673,1.85569790964262,1.81351351351351,1.39312204989885,0.377523553162853,0.636608344549125,0.778600269179004,0.238896366083445,0.641991924629879,0.281965006729475,0.506056527590848,0.318977119784657,0.516823687752355
Chile,6,2.29737903225806,3.06477732793522,1.87229660144181,1.097,1.87158746208291,1.53931451612903,1.54153846153846,0.492,0.305,0.769,0.222,0.82,0.536,0.275,0.427,0.458
China,6,3.38136826783115,2.5436018957346,1.35564663023679,1.14090708938793,1.59670964873277,2.05275125056844,1.80209758321933,0.690434782608696,0.747391304347826,0.658695652173913,0.169565217391304,0.529565217391304,0.259130434782609,0.0139130434782609,0.293913043478261,0.0726086956521739
Colombia,6,1.59232296492389,3.02458471760797,1.95869420386409,1.15542328042328,2.0112582781457,1.66490066225166,1.25827814569536,0.364417989417989,0.135582010582011,0.82010582010582,0.207671957671958,0.863756613756614,0.243386243386243,0.603174603174603,0.457671957671958,0.664021164021164
Cyprus (G),6,1.82765531062124,2.72874493927126,1.90899898887765,1.07307307307307,1.44944944944945,1.54354354354354,1.46439317953862,0.354,0.471,0.791,0.259,0.695,0.383,0.314,0.393,0.384
Ecuador,6,1.47753743760399,2.55158069883527,1.92833333333333,1.0216306156406,1.96838602329451,1.59367194004996,1.16971713810316,0.374376039933444,0.44342762063228,0.749584026622296,0.251247920133111,0.67720465890183,0.253743760399334,0.490016638935108,0.540765391014975,0.597337770382696
Egypt,6,1.06504599211564,2.1661195009849,1.79448456992777,1.03939592908733,1.74392646093237,2.35653315824032,1.90938936309915,0.782009192383454,0.438608010505581,0.62048588312541,0.056467498358503,0.642153644123441,0.162836506894288,0.809586342744583,0.29940906106369,0.453053184504268
Estonia,6,3.02122015915119,2.87745740498034,1.60429242119383,1.15143603133159,1.61478090255069,1.79672131147541,1.7302110817942,0.536855838225701,0.881278538812785,0.883235485975212,0.363339856490541,0.844748858447489,0.692106979778213,0.187866927592955,0.426614481409002,0.62426614481409
Georgia,6,1.18801996672213,2.73355537052456,1.91114836546521,1.01663893510815,1.28868552412646,2.01665278934221,1.42714404662781,0.615640599001664,0.913477537437604,0.876871880199667,0.0915141430948419,0.6738768718802,0.247088186356073,0.635607321131448,0.145590682196339,0.18801996672213
Germany,6,2.95139911634757,2.58757338551859,1.57511155180962,1.25147058823529,1.56207233626588,1.81176470588235,1.8064681724846,0.743150684931507,0.184442270058708,0.840998043052838,0.313600782778865,0.714774951076321,0.587084148727984,0.103718199608611,0.0616438356164384,0.153131115459883
Ghana,6,1.08762886597938,2.61146907216495,1.95038659793814,1.05283505154639,1.79510309278351,1.60760309278351,1.06958762886598,0.30090206185567,0.846005154639175,0.365979381443299,0.119201030927835,0.668814432989691,0.471649484536082,0.706829896907217,0.227448453608247,0.73840206185567
Hong Kong,6,2.77054108216433,2.52769385699899,1.5166163141994,1.17234468937876,1.631,1.79497487437186,1.92985971943888,0.726,0.58,0.793,0.188,0.692,0.43,0.109,0.151,0.177
India,6,1.81281725888325,2.42793650793651,1.66102797657775,1.46641318124208,1.92839036755387,2.21333333333333,1.75031685678074,0.618595825426945,0.626185958254269,0.633776091081594,0.499683744465528,0.597722960151803,0.605945604048071,0.580012650221379,0.54775458570525,0.565464895635674
Iraq,6,1.18,2.73170731707317,1.68028419182948,1.07916666666667,1.6652754590985,2.3232577665827,1.45325542570952,0.3675,0.5775,0.703333333333333,0.153333333333333,0.741666666666667,0.2225,0.75,0.34,0.684166666666667
Japan,6,3.1155303030303,2.06222418358341,1.61236203090508,1.0865224625624,1.60276266220176,1.65880370682393,1.57810471657291,0.677036430618092,0.351207531723291,0.872697503069996,0.316414244781007,0.645927138763815,0.677855096193205,0.0437986082685223,0.450675399099468,0.0495292672943103
Jordan,6,1.06844741235392,2.8,1.8675,1.04333333333333,1.6025,1.95666666666667,1.49110922946655,0.435833333333333,0.395,0.730833333333333,0.1475,0.765,0.274166666666667,0.7975,0.365,0.561666666666667
Kazakhstan,6,2.34533333333333,2.592,1.612,1.08066666666667,1.66666666666667,1.81133333333333,1.58533333333333,0.432,0.846666666666667,0.754666666666667,0.122666666666667,0.598666666666667,0.446,0.102,0.297333333333333,0.332666666666667
Kuwait,6,1.13375796178344,2.19836734693878,1.7,1.07513555383424,1.53115264797508,1.97535771065183,1.29067930489731,0.418265541059094,0.513430544896393,0.603223330775134,0.280122793553338,0.677666922486569,0.283960092095165,0.737528779739064,0.389869531849578,0.562547966231773
Kyrgyzstan,6,1.79533333333333,2.41733333333333,1.61958041958042,1.04133333333333,1.784,2.146,1.446,0.612,0.846,0.762666666666667,0.148,0.576,0.519333333333333,0.248,0.288,0.386
Lebanon,6,1.74570446735395,2.53751103265666,1.8909426987061,1.35807860262009,1.65118243243243,1.98641765704584,1.55660377358491,0.323333333333333,0.398333333333333,0.516666666666667,0.186666666666667,0.469166666666667,0.308333333333333,0.335833333333333,0.286666666666667,0.174166666666667
Libya,6,1.03798670465337,2.28466796875,1.88396414342629,1.03667136812412,1.43353978084802,1.83686236766121,1.31988472622478,0.376818395119662,0.423275457531675,0.714687939934303,0.135617081182543,0.793054903801032,0.25199436884092,0.773815110276865,0.349601126231816,0.578132332238386
Malaysia,6,1.18538461538462,2.40107775211701,1.91461538461538,1.02769230769231,1.63692307692308,1.75846153846154,1.22,0.716923076923077,0.436153846153846,0.649230769230769,0.243846153846154,0.746153846153846,0.400769230769231,0.638461538461538,0.306153846153846,0.249230769230769
Mexico,6,1.627,2.61430715357679,1.87575150300601,1.0315,1.87993996998499,1.57528764382191,1.192,0.385,0.3805,0.7485,0.2385,0.779,0.2695,0.353,0.4345,0.5455
Morocco,6,1.12270450751252,3.34981684981685,1.87468247248095,1.10183639398998,1.90133779264214,2.51742627345845,1.22502099076406,0.43,0.670833333333333,0.638333333333333,0.239166666666667,0.565833333333333,0.1925,0.775833333333333,0.253333333333333,0.2925
Netherlands,6,3.08055853920516,2.68783351120598,1.32583065380493,1.1747311827957,1.54949708840656,1.65374402549124,1.92946965554948,0.606729758149317,0.31335436382755,0.907991587802313,0.200315457413249,0.860147213459516,0.370662460567823,0.139327024185068,0.229232386961094,0.256046267087277
New Zealand,6,2.74623115577889,2.54556803995006,1.43223443223443,1.06400966183575,1.46634026927785,1.57849196538937,1.82070707070707,0.535077288941736,0.501783590963139,0.561236623067776,0.362663495838288,0.83115338882283,0.485136741973841,0.159334126040428,0.366230677764566,0.241379310344828
Nigeria,6,1.13075611142695,2.52389078498294,1.85218874360432,1.01421262080728,1.42637862421831,1.62308129619102,1.31438317225696,0.389425810119386,0.783399658897101,0.418988061398522,0.150653780557135,0.575895395110858,0.372939169982945,0.710062535531552,0.308129619101762,0.640704945992041
Pakistan,6,1.12740989103101,2.80285234899329,1.76083188908146,1.05838198498749,1.73873121869783,2.3597972972973,1.40728196443692,0.454166666666667,0.556666666666667,0.620833333333333,0.321666666666667,0.529166666666667,0.360833333333333,0.715833333333333,0.363333333333333,0.495
Palestine,6,1.16116116116116,2.50862944162437,1.82286995515695,1.04804804804805,1.74048096192385,2.0798786653185,1.50669412976313,0.429,0.43,0.686,0.184,0.703,0.2,0.762,0.346,0.482
Peru,6,1.71213389121339,2.74363327674024,1.91722408026756,1.15702479338843,2.22890559732665,1.90672268907563,1.3392107472712,0.329752066115702,0.164462809917355,0.714049586776859,0.162809917355372,0.679338842975207,0.235537190082645,0.417355371900826,0.386776859504132,0.527272727272727
Philippines,6,1.15916666666667,2.29253981559095,1.97157190635451,1.015,1.84403669724771,2.46867167919799,1.1092577147623,0.656666666666667,0.6925,0.674166666666667,0.1375,0.626666666666667,0.286666666666667,0.596666666666667,0.325833333333333,0.394166666666667
Poland,6,1.81685744016649,2.834375,1.77248677248677,1.08229166666667,1.68639667705088,1.77124868835257,1.46227417640808,0.436853002070393,0.179089026915114,0.81055900621118,0.167701863354037,0.824016563146998,0.202898550724638,0.371635610766046,0.153209109730849,0.333333333333333
Qatar,6,1.01320754716981,2.15530303030303,1.78564683663834,1.0122641509434,1.2877358490566,1.77714825306893,1.22264150943396,0.345283018867925,0.489622641509434,0.75377358490566,0.124528301886792,0.771698113207547,0.178301886792453,0.84811320754717,0.326415094339623,0.467924528301887
Romania,6,1.66154873164219,3.08962264150943,1.92876344086022,1.08133333333333,2.07794803464357,1.91967871485944,1.56492637215529,0.415169660678643,0.774451097804391,0.706586826347305,0.321357285429142,0.655355954757152,0.296739853626081,0.527611443779108,0.122421823020625,0.131736526946108
Russia,6,2.63663282571912,2.95898277276456,1.70765957446809,1.17457763475463,1.8874546187979,2.01222493887531,1.86357730619316,0.373242265970269,0.851021225470565,0.774439102564103,0.166130329847144,0.637530072173216,0.454837414692894,0.143661971830986,0.230305466237942,0.354669887278583
Rwanda,6,1.91028159790439,2.29076620825147,1.83366077275704,1.09626719056974,1.31303208906352,2.00065487884741,1.42370661427636,0.303208906352325,0.692206941715783,0.719711853307138,0.333333333333333,0.56385068762279,0.353634577603143,0.422396856581532,0.519973804846103,0.605762933857236
Singapore,6,1.89441624365482,2.45486815415821,1.61483739837398,1.07707910750507,1.53448275862069,1.72261663286004,1.74327752409944,0.719066937119676,0.604969574036511,0.696754563894523,0.199797160243408,0.544624746450304,0.456389452332657,0.267748478701826,0.271298174442191,0.371196754563895
Slovenia,6,2.81638418079096,3.27042253521127,1.79886685552408,1.11842105263158,1.64044943820225,1.7172478793591,1.70643939393939,0.880261927034612,0.5088868101029,0.830682881197381,0.261927034611787,0.811973807296539,0.652011225444341,0.233863423760524,0.441534144059869,0.411599625818522
South Africa,6,1.62385057471264,2.56385125396368,1.76373469968688,1.08763471355644,1.76931818181818,1.98313803943984,1.55255431591309,0.638062871707732,0.692155196828094,0.575474369866893,0.278674596431606,0.531860662701784,0.365618804871141,0.439818748229963,0.279524214103653,0.374964599263665
South Korea,6,2.36188077246012,2.36784511784512,1.70326906957251,1.10258548790659,1.54636591478697,1.80904522613065,1.52560873215785,0.6,0.6375,0.8875,0.145833333333333,0.4525,0.546666666666667,0.259166666666667,0.125833333333333,0.0816666666666667
Spain,6,2.93627867459643,3.08305084745763,1.80485689505637,1.09343434343434,1.51063829787234,1.63273960983885,1.56425531914894,0.432296047098402,0.667788057190917,0.785534062237174,0.245584524810765,0.740958788898234,0.376787216148024,0.104289318755257,0.349873843566022,0.313708999158957
Sweden,6,3.00670016750419,2.28153717627402,1.35153583617747,1.12468827930175,1.32392026578073,1.50503355704698,1.60403863037752,0.709784411276949,0.123548922056385,0.825041459369818,0.486733001658375,0.868988391376451,0.350746268656716,0.0381426202321725,0.298507462686567,0.10530679933665
Taiwan,6,2.36639344262295,2.79504132231405,1.69777043765483,1.0982940698619,1.63205233033524,1.77567789646672,1.51393442622951,0.721324717285945,0.420840064620355,0.824717285945073,0.182552504038772,0.762520193861066,0.277867528271405,0.0880452342487884,0.241518578352181,0.111470113085622
Thailand,6,1.56999161777033,1.9812925170068,1.67426160337553,1.13127090301003,1.87802840434419,1.98650927487352,1.42065491183879,0.359166666666667,0.783333333333333,0.6575,0.2325,0.6475,0.5025,0.346666666666667,0.4425,0.441666666666667
Trinidad and Tobago,6,1.31414141414141,2.76984924623116,1.96780684104628,1.07021063189569,1.91649899396378,1.64688128772636,1.42036290322581,0.585585585585586,0.613613613613614,0.486486486486487,0.0580580580580581,0.841841841841842,0.26026026026026,0.680680680680681,0.16016016016016,0.718718718718719
Tunisia,6,1.0648918469218,2.71428571428571,1.84003421727973,1.02414654454621,1.76807980049875,2.01106382978723,1.19949916527546,0.55103734439834,0.738589211618257,0.77344398340249,0.150207468879668,0.549377593360996,0.287136929460581,0.760995850622407,0.33195020746888,0.386721991701245
Turkey,6,1.44875,2.52641509433962,1.87573964497041,1.04800498753117,1.43714821763602,1.70736312146004,1.72012578616352,0.364485981308411,0.710903426791277,0.671651090342679,0.289096573208723,0.615576323987539,0.382554517133956,0.373208722741433,0.28785046728972,0.334579439252336
Ukraine,6,2.218,2.92666666666667,1.75053456878118,1.09266666666667,1.728,1.884,1.81533333333333,0.424666666666667,0.856,0.754,0.125333333333333,0.597333333333333,0.388666666666667,0.231333333333333,0.198666666666667,0.428
United States,6,2.0230352303523,2.42973708068903,1.61827227498869,1.09950472760018,1.50338906461817,1.69136918210574,1.94805781391147,0.527777777777778,0.655465949820789,0.65905017921147,0.301523297491039,0.725358422939068,0.360215053763441,0.442204301075269,0.323028673835125,0.271953405017921
Uruguay,6,2.71500503524673,2.96572580645161,1.8475138121547,1.13213213213213,1.6950852557673,1.64235055724417,1.4959595959596,0.482,0.218,0.816,0.198,0.82,0.35,0.158,0.529,0.516
Uzbekistan,6,1.97638326585695,2.61652115513768,1.85907859078591,1.028,1.57771847898599,2.1443922095366,1.49026192075218,0.576,0.926666666666667,0.75,0.04,0.805333333333333,0.566666666666667,0.0573333333333333,0.234666666666667,0.245333333333333
Yemen,6,1.06012024048096,2.69349845201238,1.59601259181532,1.04426559356137,1.59817813765182,2.34158926728586,1.49241658240647,0.306,0.317,0.687,0.091,0.8,0.305,0.845,0.31,0.7
Zimbabwe,6,1.21133333333333,2.62266666666667,1.928,1.03666666666667,1.824,1.844,1.15,0.395333333333333,0.759333333333333,0.452,0.126,0.662666666666667,0.486666666666667,0.606,0.269333333333333,0.681333333333333